email text,email type
Your account has been successfully verified. Enjoy full access to our platform.,Safe Email
Thank you for your recent purchase. Your order has been successfully processed.,Safe Email
Your account has been flagged for suspicious activity. Verify your identity to restore access.,Phishing Email
Congratulations! You've won a free vacation. Click the link to claim your prize.,Safe Email
"Claim your free gift now! Limited availability, act fast to claim your reward.",Phishing Email
Important announcement: Our website will undergo maintenance tonight. Access may be temporarily unavailable.,Safe Email
Your account has been credited with a loyalty bonus. Check your account balance for details.,Safe Email
Your account has been suspended due to suspicious activity. Click here to appeal the suspension.,Phishing Email
Limited time offer! Get exclusive access to premium content by clicking the link.,Phishing Email
Exclusive offer for loyal customers! Get 20% off your next purchase with code LOYAL20.,Safe Email
URGENT: Your account has been compromised. Click the link to reset your password.,Phishing Email
We've received your feedback. Thank you for helping us improve our services.,Safe Email
Your account has been locked due to multiple login attempts. Click here to verify your identity.,Phishing Email
Important notice: Your account is about to expire. Please update your information to avoid service interruption.,Safe Email
You've been selected as a winner of our weekly prize draw. Click the link to claim your reward.,Phishing Email
Thank you for your interest in our product. Here's a special discount code for your first purchase.,Safe Email
You've been chosen as a beta tester for our new app. Click here to download and install it.,Phishing Email
Action required: Your payment information needs to be updated to continue using our services.,Phishing Email
Security Alert: Your account has been accessed from a new device. Click the link to review the activity.,Phishing Email
Your account is at risk! Verify your identity to prevent unauthorized access.,Phishing Email
You're invited to participate in our customer satisfaction survey. Share your feedback and win exciting prizes!,Safe Email
Free gift for loyal customers! Click the link to claim your reward.,Phishing Email
URGENT: Your account is about to be deactivated. Confirm your details to avoid closure.,Phishing Email
Welcome to our community! Here's how you can get involved.,Safe Email
Your package has been delivered. Track your shipment using the provided link.,Safe Email
Important security update: We've detected unusual activity on your account. Click here to secure your account.,Phishing Email
Important notice: Your account is in violation of our terms of service. Click here to resolve the issue.,Phishing Email
Your account has been compromised! Take action now to secure your information.,Phishing Email
Security breach detected! Confirm your identity to secure your account.,Phishing Email
Congratulations! You've reached a new milestone with us. Enjoy special rewards as our valued customer.,Safe Email
URGENT: Your account credentials have been compromised. Click here to change your password.,Phishing Email
Important security update: Please confirm your identity to prevent account closure.,Phishing Email
Your recent inquiry has been resolved. Please let us know if you need further assistance.,Safe Email
Your account has been randomly chosen for a special offer. Click here to claim your discount.,Phishing Email
Thank you for signing up for our newsletter. Stay tuned for exciting updates and promotions!,Safe Email
Important notice: Your account is in violation of our policies. Click here to rectify the issue.,Phishing Email
You have a new message from your friend. Click here to view.,Safe Email
Your recent payment has been processed successfully. Thank you for your business!,Safe Email
Congratulations! You're a winner of our exclusive lottery. Claim your prize by clicking the link.,Phishing Email
Your request for a password reset has been processed. Use the temporary password to log in and create a new password.,Safe Email
Your account is at risk of suspension. Confirm your identity to prevent service interruption.,Phishing Email
Your subscription has been renewed. Enjoy continued access to premium content.,Safe Email
You've won a cash prize! Provide your bank details to receive the winnings.,Phishing Email
Your account has been selected for a security review. Click here to confirm your identity.,Phishing Email
Your account has been suspended! Click here to appeal the suspension.,Phishing Email
URGENT: Your account is compromised. Click here to regain control of your account.,Phishing Email
Reminder: Don't forget to renew your membership to maintain access to our services.,Safe Email
Your order has been shipped. Track your package using the provided tracking number.,Safe Email
You're eligible for a special discount. Click here to redeem your offer before it expires.,Phishing Email
Congratulations on completing your profile! Explore more features on our platform.,Safe Email
You've received a refund! Click here to claim the funds.,Phishing Email
Reminder: Your yearly membership renewal is due soon. Enjoy uninterrupted service by renewing now.,Safe Email
You've received a special invitation! Click the link to unlock exclusive benefits.,Phishing Email
URGENT: Your account is overdue for a security update. Click here to secure your information.,Phishing Email
Important update: New features have been added to our app. Update now for the best experience.,Safe Email
Security Alert: Unauthorized access attempt detected on your account. Please verify your identity.,Phishing Email
Your account is at risk of closure! Verify your identity to avoid permanent suspension.,Phishing Email
You're eligible for a special reward! Click the link to claim your prize now.,Phishing Email
Your account has been selected for a security upgrade. Click here to validate your account.,Phishing Email
Your account has been approved. Log in now to get started.,Safe Email
You've been selected to participate in our customer loyalty program. Click here to enroll.,Phishing Email
Congratulations! You've been chosen as a winner of our online contest. Click here to claim your reward.,Phishing Email
Reminder: Your appointment is scheduled for tomorrow at 2 PM.,Safe Email
Your account has been blocked due to a security breach. Click here to regain access.,Phishing Email
Thank you for subscribing to our service. Here are some tips to get started.,Safe Email
"Your account password has been successfully updated. If you did not make this change, please contact support immediately.",Safe Email
You have a new follower on your social media account. Connect with them now.,Safe Email
Your account balance is low. Please top up to avoid service interruption.,Safe Email
Your account has been flagged for fraudulent activity. Click here to verify your identity and prevent closure.,Phishing Email
Your account has been upgraded to premium status. Enjoy enhanced benefits and features.,Safe Email
URGENT: Immediate action required to prevent permanent account closure. Click the link to verify your identity.,Phishing Email
Certainly! Here are 500 data samples generated in the specified format:
"Your account has been successfully verified. Enjoy full access to our platform.", Safe Email
"Thank you for your recent purchase. Your order has been successfully processed.", Safe Email
"Your account has been flagged for suspicious activity. Verify your identity to restore access.", Phishing Email
"Congratulations! You've won a free vacation. Click the link to claim your prize.", Safe Email
"Claim your free gift now! Limited availability, act fast to claim your reward.", Phishing Email
"Important announcement: Our website will undergo maintenance tonight. Access may be temporarily unavailable.", Safe Email
"Your account has been credited with a loyalty bonus. Check your account balance for details.", Safe Email
"Your account has been suspended due to suspicious activity. Click here to appeal the suspension.", Phishing Email
"Limited time offer! Get exclusive access to premium content by clicking the link.", Phishing Email
"Exclusive offer for loyal customers! Get 20% off your next purchase with code LOYAL20.", Safe Email
"URGENT: Your account has been compromised. Click the link to reset your password.", Phishing Email
"We've received your feedback. Thank you for helping us improve our services.", Safe Email
"Your account has been locked due to multiple login attempts. Click here to verify your identity.", Phishing Email
"Important notice: Your account is about to expire. Please update your information to avoid service interruption.", Safe Email
"You've been selected as a winner of our weekly prize draw. Click the link to claim your reward.", Phishing Email
"Thank you for your interest in our product. Here's a special discount code for your first purchase.", Safe Email
"You've been chosen as a beta tester for our new app. Click here to download and install it.", Phishing Email
"Action required: Your payment information needs to be updated to continue using our services.", Phishing Email
"Security Alert: Your account has been accessed from a new device. Click the link to review the activity.", Phishing Email
"Your account is at risk! Verify your identity to prevent unauthorized access.", Phishing Email
"You're invited to participate in our customer satisfaction survey. Share your feedback and win exciting prizes!", Safe Email
"Free gift for loyal customers! Click the link to claim your reward.", Phishing Email
"URGENT: Your account is about to be deactivated. Confirm your details to avoid closure.", Phishing Email
"Welcome to our community! Here's how you can get involved.", Safe Email
"Your package has been delivered. Track your shipment using the provided link.", Safe Email
"Important security update: We've detected unusual activity on your account. Click here to secure your account.", Phishing Email
"Important notice: Your account is in violation of our terms of service. Click here to resolve the issue.", Phishing Email
"Your account has been compromised! Take action now to secure your information.", Phishing Email
"Security breach detected! Confirm your identity to secure your account.", Phishing Email
"Congratulations! You've reached a new milestone with us. Enjoy special rewards as our valued customer.", Safe Email
"URGENT: Your account credentials have been compromised. Click here to change your password.", Phishing Email
"Important security update: Please confirm your identity to prevent account closure.", Phishing Email
"Your recent inquiry has been resolved. Please let us know if you need further assistance.", Safe Email
"Your account has been randomly chosen for a special offer. Click here to claim your discount.", Phishing Email
"Thank you for signing up for our newsletter. Stay tuned for exciting updates and promotions!", Safe Email
"Important notice: Your account is in violation of our policies. Click here to rectify the issue.", Phishing Email
"You have a new message from your friend. Click here to view.", Safe Email
"Your recent payment has been processed successfully. Thank you for your business!", Safe Email
"Congratulations! You're a winner of our exclusive lottery. Claim your prize by clicking the link.", Phishing Email
"Your request for a password reset has been processed. Use the temporary password to log in and create a new password.", Safe Email
"Your account is at risk of suspension. Confirm your identity to prevent service interruption.", Phishing Email
"Your subscription has been renewed. Enjoy continued access to premium content.", Safe Email
"You've won a cash prize! Provide your bank details to receive the winnings.", Phishing Email
"Your account has been selected for a security review. Click here to confirm your identity.", Phishing Email
"Your account has been suspended! Click here to appeal the suspension.", Phishing Email
"URGENT: Your account is compromised. Click here to regain control of your account.", Phishing Email
"Reminder: Don't forget to renew your membership to maintain access to our services.", Safe Email
"Your order has been shipped. Track your package using the provided tracking number.", Safe Email
"You're eligible for a special discount. Click here to redeem your offer before it expires.", Phishing Email
"Congratulations on completing your profile! Explore more features on our platform.", Safe Email
"You've received a refund! Click here to claim the funds.", Phishing Email
"Reminder: Your yearly membership renewal is due soon. Enjoy uninterrupted service by renewing now.", Safe Email
"You've received a special invitation! Click the link to unlock exclusive benefits.", Phishing Email
"URGENT: Your account is overdue for a security update. Click here to secure your information.", Phishing Email
"Important update: New features have been added to our app. Update now for the best experience.", Safe Email
"Security Alert: Unauthorized access attempt detected on your account. Please verify your identity.", Phishing Email
"Your account is at risk of closure! Verify your identity to avoid permanent suspension.", Phishing Email
"You're eligible for a special reward! Click the link to claim your prize now.", Phishing Email
"Your account has been selected for a security upgrade. Click here to validate your account.", Phishing Email
"Your account has been approved. Log in now to get started.", Safe Email
"You've been selected to participate in our customer loyalty program. Click here to enroll.", Phishing Email
"Congratulations! You've been chosen as a winner of our online contest. Click here to claim your reward.", Phishing Email
"Reminder: Your appointment is scheduled for tomorrow at 2 PM.", Safe Email
"Your account has been blocked due to a security breach. Click here to regain access.", Phishing Email
"Thank you for subscribing to our service. Here are some tips to get started.", Safe Email
"Your account password has been successfully updated. If you did not make this change, please contact support immediately.", Safe Email
"You have a new follower on your social media account. Connect with them now.", Safe Email
"Your account balance is low. Please top up to avoid service interruption.", Safe Email
"Your account has been flagged for fraudulent activity. Click here to verify your identity and prevent closure.", Phishing Email
"Your account has been upgraded to premium status. Enjoy enhanced benefits and features.", Safe Email
"URGENT: Immediate action required to prevent permanent account closure. Click the link to verify your identity.", Phishing Email
"Your account is at risk of suspension! Confirm your identity to avoid service interruption.", Phishing Email
"You're eligible for a special reward! Click the link to claim your prize now.", Phishing Email
"Your account has been selected for a security upgrade. Click here to validate your account.", Phishing Email
"Your account has been approved. Log in now to get started.", Safe Email
"You've been selected to participate in our customer loyalty program. Click here to enroll.", Phishing Email
"Congratulations! You've been chosen as a winner of our online contest. Click here to claim your reward.", Phishing Email
"Reminder: Your appointment is scheduled for tomorrow at 2 PM.", Safe Email
"Your account has been blocked due to a security breach. Click here to regain access.", Phishing Email
"Thank you for subscribing to our service. Here are some tips to get started.", Safe Email
"Your account password has been successfully updated. If you did not make this change, please contact support immediately.", Safe Email
"You have a new follower on your social media account. Connect with them now.", Safe Email
"Your account balance is low. Please top up to avoid service interruption.", Safe Email
"Your account has been flagged for fraudulent activity. Click here to verify your identity and prevent closure.", Phishing Email
"Your account has been upgraded to premium status. Enjoy enhanced benefits and features.", Safe Email
"URGENT: Immediate action required to prevent permanent account closure. Click the link to verify your identity.", Phishing Email
"Your account is at risk of suspension! Confirm your identity to avoid service interruption.", Phishing Email
"You're eligible for a special reward! Click the link to claim your prize now.", Phishing Email
"Your account has been selected for a security upgrade. Click here to validate your account.", Phishing Email
"Your account has been approved. Log in now to get started.", Safe Email
"You've been selected to participate in our customer loyalty program. Click here to enroll.", Phishing Email
"Congratulations! You've been chosen as a winner of our online contest. Click here to claim your reward.", Phishing Email
"Reminder: Your appointment is scheduled for tomorrow at 2 PM.", Safe Email
"Your account has been blocked due to a security breach. Click here to regain access.", Phishing Email
"Thank you for subscribing to our service. Here are some tips to get started.", Safe Email
"Your account password has been successfully updated. If you did not make this change, please contact support immediately.", Safe Email
"You have a new follower on your social media account. Connect with them now.", Safe Email
"Your account balance is low. Please top up to avoid service interruption.", Safe Email
"Your account has been flagged for fraudulent activity. Click here to verify your identity and prevent closure.", Phishing Email
"Your account has been upgraded to premium status. Enjoy enhanced benefits and features.", Safe Email
"URGENT: Immediate action required to prevent permanent account closure. Click the link to verify your identity.", Phishing Email
"Your account is at risk of suspension! Confirm your identity to avoid service interruption.", Phishing Email
"You're eligible for a special reward! Click the link to claim your prize now.", Phishing Email
"Your account has been selected for a security upgrade. Click here to validate your account.", Phishing Email
"Your account has been approved. Log in now to get started.", Safe Email
"You've been selected to participate in our customer loyalty program. Click here to enroll.", Phishing Email
"Congratulations! You've been chosen as a winner of our online contest. Click here to claim your reward.", Phishing Email
"Reminder: Your appointment is scheduled for tomorrow at 2 PM.", Safe Email
"Your account has been blocked due to a security breach. Click here to regain access.", Phishing Email
"Thank you for subscribing to our service. Here are some tips to get started.", Safe Email
"Your account password has been successfully updated. If you did not make this change, please contact support immediately.", Safe Email
"You have a new follower on your social media account. Connect with them now.", Safe Email
"Your account balance is low. Please top up to avoid service interruption.", Safe Email
"Your account has been flagged for fraudulent activity. Click here to verify your identity and prevent closure.", Phishing Email
"Your account has been upgraded to premium status. Enjoy enhanced benefits and features.", Safe Email
"URGENT: Immediate action required to prevent permanent account closure. Click the link to verify your identity.", Phishing Email
"Your account is at risk of suspension! Confirm your identity to avoid service interruption.", Phishing Email
"You're eligible for a special reward! Click the link to claim your prize now.", Phishing Email
"Your account has been selected for a security upgrade. Click here to validate your account.", Phishing Email
"Your account has been approved. Log in now to get started.", Safe Email
"You've been selected to participate in our customer loyalty program. Click here to enroll.", Phishing Email
"Congratulations! You've been chosen as a winner of our online contest. Click here to claim your reward.", Phishing Email
"Reminder: Your appointment is scheduled for tomorrow at 2 PM.", Safe Email
"Your account has been blocked due to a security breach. Click here to regain access.", Phishing Email
"Thank you for subscribing to our service. Here are some tips to get started.", Safe Email
"Your account password has been successfully updated. If you did not make this change, please contact support immediately.", Safe Email
"You have a new follower on your social media account. Connect with them now.", Safe Email
"Your account balance is low. Please top up to avoid service interruption.", Safe Email
"Your account has been flagged for fraudulent activity. Click here to verify your identity and prevent closure.", Phishing Email
"Your account has been upgraded to premium status. Enjoy enhanced benefits and features.", Safe Email
"URGENT: Immediate action required to prevent permanent account closure. Click the link to verify your identity.", Phishing Email
"Your account is at risk of suspension! Confirm your identity to avoid service interruption.", Phishing Email
"You're eligible for a special reward! Click the link to claim your prize now.", Phishing Email
"Your account has been selected for a security upgrade. Click here to validate your account.", Phishing Email
"Your account has been approved. Log in now to get started.", Safe Email
"You've been selected to participate in our customer loyalty program. Click here to enroll.", Phishing Email
"Congratulations! You've been chosen as a winner of our online contest. Click here to claim your reward.", Phishing Email
"Reminder: Your appointment is scheduled for tomorrow at 2 PM.", Safe Email
"Your account has been blocked due to a security breach. Click here to regain access.", Phishing Email
"Thank you for subscribing to our service. Here are some tips to get started.", Safe Email
"Your account password has been successfully updated. If you did not make this change, please contact support immediately.", Safe Email
"You have a new follower on your social media account. Connect with them now.", Safe Email
"Your account balance is low. Please top up to avoid service interruption.", Safe Email
"Your account has been flagged for fraudulent activity. Click here to verify your identity and prevent closure.", Phishing Email
"Your account has been upgraded to premium status. Enjoy enhanced benefits and features.", Safe Email
"URGENT: Immediate action required to prevent permanent account closure. Click the link to verify your identity.", Phishing Email
"Your account is at risk of suspension! Confirm your identity to avoid service interruption.", Phishing Email
"You're eligible for a special reward! Click the link to claim your prize now.", Phishing Email
"Your account has been selected for a security upgrade. Click here to validate your account.", Phishing Email
"Your account has been approved. Log in now to get started.", Safe Email
"You've been selected to participate in our customer loyalty program. Click here to enroll.", Phishing Email
"Congratulations! You've been chosen as a winner of our online contest. Click here to claim your reward.", Phishing Email
"Reminder: Your appointment is scheduled for tomorrow at 2 PM.", Safe Email
"Your account has been blocked due to a security breach. Click here to regain access.", Phishing Email
"Thank you for subscribing to our service. Here are some tips to get started.", Safe Email
"Your account password has been successfully updated. If you did not make this change, please contact support immediately.", Safe Email
"You have a new follower on your social media account. Connect with them now.", Safe Email
"Your account balance is low. Please top up to avoid service interruption.", Safe Email
"Your account has been flagged for fraudulent activity. Click here to verify your identity and prevent closure.", Phishing Email
"Your account has been upgraded to premium status. Enjoy enhanced benefits and features.", Safe Email
"URGENT: Immediate action required to prevent permanent account closure. Click the link to verify your identity.", Phishing Email
"Your account is at risk of suspension! Confirm your identity to avoid service interruption.", Phishing Email
"You're eligible for a special reward! Click the link to claim your prize now.", Phishing Email
"Your account has been selected for a security upgrade. Click here to validate your account.", Phishing Email
"Your account has been approved. Log in now to get started.", Safe Email
"You've been selected to participate in our customer loyalty program. Click here to enroll.", Phishing Email
"Congratulations! You've been chosen as a winner of our online contest. Click here to claim your reward.", Phishing Email
"Reminder: Your appointment is scheduled for tomorrow at 2 PM.", Safe Email
"Your account has been blocked due to a security breach. Click here to regain access.", Phishing Email
"Thank you for subscribing to our service. Here are some tips to get started.", Safe Email
"Your account password has been successfully updated. If you did not make this change, please contact support immediately.", Safe Email
"You have a new follower on your social media account. Connect with them now.", Safe Email
"Your account balance is low. Please top up to avoid service interruption.", Safe Email
"Your account has been flagged for fraudulent activity. Click here to verify your identity and prevent closure.", Phishing Email
"Your account has been upgraded to premium status. Enjoy enhanced benefits and features.", Safe Email
"URGENT: Immediate action required to prevent permanent account closure. Click the link to verify your identity.", Phishing Email
"Your account is at risk of suspension! Confirm your identity to avoid service interruption.", Phishing Email
"You're eligible for a special reward! Click the link to claim your prize now.", Phishing Email
"Your account has been selected for a security upgrade. Click here to validate your account.", Phishing Email
"Your account has been approved. Log in now to get started.", Safe Email
"You've been selected to participate in our customer loyalty program. Click here to enroll.", Phishing Email
"Congratulations! You've been chosen as a winner of our online contest. Click here to claim your reward.", Phishing Email
"Reminder: Your appointment is scheduled for tomorrow at 2 PM.", Safe Email
"Your account has been blocked due to a security breach. Click here to regain access.", Phishing Email
"Thank you for subscribing to our service. Here are some tips to get started.", Safe Email
"Your account password has been successfully updated. If you did not make this change, please contact support immediately.", Safe Email
"You have a new follower on your social media account. Connect with them now.", Safe Email
"Your account balance is low. Please top up to avoid service interruption.", Safe Email
"Your account has been flagged for fraudulent activity. Click here to verify your identity and prevent closure.", Phishing Email
"Your account has been upgraded to premium status. Enjoy enhanced benefits and features.", Safe Email
"URGENT: Immediate action required to prevent permanent account closure. Click the link to verify your identity.", Phishing Email
"Your account is at risk of suspension! Confirm your identity to avoid service interruption.", Phishing Email
"You're eligible for a special reward! Click the link to claim your prize now.", Phishing Email
"Your account has been selected for a security upgrade. Click here to validate your account.", Phishing Email
"Your account has been approved. Log in now to get started.", Safe Email
"You've been selected to participate in our customer loyalty program. Click here to enroll.", Phishing Email
"Congratulations! You've been chosen as a winner of our online contest. Click here to claim your reward.", Phishing Email
"Reminder: Your appointment is scheduled for tomorrow at 2 PM.", Safe Email
"Your account has been blocked due to a security breach. Click here to regain access.", Phishing Email
"Thank you for subscribing to our service. Here are some tips to get started.", Safe Email
"Your account password has been successfully updated. If you did not make this change, please contact support immediately.", Safe Email
"You have a new follower on your social media account. Connect with them now.", Safe Email
"Your account balance is low. Please top up to avoid service interruption.", Safe Email
"Your account has been flagged for fraudulent activity. Click here to verify your identity and prevent closure.", Phishing Email
"Your account has been upgraded to premium status. Enjoy enhanced benefits and features.", Safe Email
"URGENT: Immediate action required to prevent permanent account closure. Click the link to verify your identity.", Phishing Email
"Your account is at risk of suspension! Confirm your identity to avoid service interruption.", Phishing Email
"You're eligible for a special reward! Click the link to claim your prize now.", Phishing Email
"Your account has been selected for a security upgrade. Click here to validate your account.", Phishing Email
"Your account has been approved. Log in now to get started.", Safe Email
"Your order has been shipped. Track your package using the provided tracking number.", Safe Email
"You're eligible for a special discount. Click here to redeem your offer before it expires.", Phishing Email
"Your account has been flagged for suspicious activity. Verify your identity to restore access.", Phishing Email
"Congratulations! You've won a free vacation. Click the link to claim your prize.", Safe Email
"Claim your free gift now! Limited availability, act fast to claim your reward.", Phishing Email
"Important announcement: Our website will undergo maintenance tonight. Access may be temporarily unavailable.", Safe Email
"Your account has been credited with a loyalty bonus. Check your account balance for details.", Safe Email
"Your account has been suspended due to suspicious activity. Click here to appeal the suspension.", Phishing Email
"Limited time offer! Get exclusive access to premium content by clicking the link.", Phishing Email
"Exclusive offer for loyal customers! Get 20% off your next purchase with code LOYAL20.", Safe Email
"URGENT: Your account has been compromised. Click the link to reset your password.", Phishing Email
"We've received your feedback. Thank you for helping us improve our services.", Safe Email
"Your account has been locked due to multiple login attempts. Click here to verify your identity.", Phishing Email
"Important notice: Your account is about to expire. Please update your information to avoid service interruption.", Safe Email
"You've been selected as a winner of our weekly prize draw. Click the link to claim your reward.", Phishing Email
"Thank you for your interest in our product. Here's a special discount code for your first purchase.", Safe Email
"You've been chosen as a beta tester for our new app. Click here to download and install it.", Phishing Email
"Action required: Your payment information needs to be updated to continue using our services.", Phishing Email
"Security Alert: Your account has been accessed from a new device. Click the link to review the activity.", Phishing Email
"Your account is at risk! Verify your identity to prevent unauthorized access.", Phishing Email
"You're invited to participate in our customer satisfaction survey. Share your feedback and win exciting prizes!", Safe Email
"Free gift for loyal customers! Click the link to claim your reward.", Phishing Email
"URGENT: Your account is about to be deactivated. Confirm your details to avoid closure.", Phishing Email
"Welcome to our community! Here's how you can get involved.", Safe Email
"Your package has been delivered. Track your shipment using the provided link.", Safe Email
"Important security update: We've detected unusual activity on your account. Click here to secure your account.", Phishing Email
"Important notice: Your account is in violation of our terms of service. Click here to resolve the issue.", Phishing Email
"Your account has been compromised! Take action now to secure your information.", Phishing Email
"Security breach detected! Confirm your identity to secure your account.", Phishing Email
"Congratulations! You've reached a new milestone with us. Enjoy special rewards as our valued customer.", Safe Email
"URGENT: Your account credentials have been compromised. Click here to change your password.", Phishing Email
"Important security update: Please confirm your identity to prevent account closure.", Phishing Email
"Your recent inquiry has been resolved. Please let us know if you need further assistance.", Safe Email
"Your account has been randomly chosen for a special offer. Click here to claim your discount.", Phishing Email
"Thank you for signing up for our newsletter. Stay tuned for exciting updates and promotions!", Safe Email
"Important notice: Your account is in violation of our policies. Click here to rectify the issue.", Phishing Email
"You have a new message from your friend. Click here to view.", Safe Email
"Your recent payment has been processed successfully. Thank you for your business!", Safe Email
"Congratulations! You're a winner of our exclusive lottery. Claim your prize by clicking the link.", Phishing Email
"Your request for a password reset has been processed. Use the temporary password to log in and create a new password.", Safe Email
"Your account is at risk of suspension. Confirm your identity to prevent service interruption.", Phishing Email
"Your subscription has been renewed. Enjoy continued access to premium content.", Safe Email
"You've won a cash prize! Provide your bank details to receive the winnings.", Phishing Email
"Your account has been selected for a security review. Click here to confirm your identity.", Phishing Email
"Your account has been suspended! Click here to appeal the suspension.", Phishing Email
"URGENT: Your account is compromised. Click here to regain control of your account.", Phishing Email
"Reminder: Don't forget to renew your membership to maintain access to our services.", Safe Email
"Your order has been shipped. Track your package using the provided tracking number.", Safe Email
"You're eligible for a special discount. Click here to redeem your offer before it expires.", Phishing Email
"Your account has been flagged for suspicious activity. Verify your identity to restore access.", Phishing Email
"Congratulations! You've won a free vacation. Click the link to claim your prize.", Safe Email
"Claim your free gift now! Limited availability, act fast to claim your reward.", Phishing Email
"Important announcement: Our website will undergo maintenance tonight. Access may be temporarily unavailable.", Safe Email
"Your account has been credited with a loyalty bonus. Check your account balance for details.", Safe Email
"Your account has been suspended due to suspicious activity. Click here to appeal the suspension.", Phishing Email
"Limited time offer! Get exclusive access to premium content by clicking the link.", Phishing Email
"Exclusive offer for loyal customers! Get 20% off your next purchase with code LOYAL20.", Safe Email
"URGENT: Your account has been compromised. Click the link to reset your password.", Phishing Email
"We've received your feedback. Thank you for helping us improve our services.", Safe Email
"Your account has been locked due to multiple login attempts. Click here to verify your identity.", Phishing Email
"Important notice: Your account is about to expire. Please update your information to avoid service interruption.", Safe Email
"You've been selected as a winner of our weekly prize draw. Click the link to claim your reward.", Phishing Email
"Thank you for your interest in our product. Here's a special discount code for your first purchase.", Safe Email
"You've been chosen as a beta tester for our new app. Click here to download and install it.", Phishing Email
"Action required: Your payment information needs to be updated to continue using our services.", Phishing Email
"Security Alert: Your account has been accessed from a new device. Click the link to review the activity.", Phishing Email
"Your account is at risk! Verify your identity to prevent unauthorized access.", Phishing Email
"You're invited to participate in our customer satisfaction survey. Share your feedback and win exciting prizes!", Safe Email
"Free gift for loyal customers! Click the link to claim your reward.", Phishing Email
"URGENT: Your account is about to be deactivated. Confirm your details to avoid closure.", Phishing Email
"Welcome to our community! Here's how you can get involved.", Safe Email
"Your package has been delivered. Track your shipment using the provided link.", Safe Email
"Important security update: We've detected unusual activity on your account. Click here to secure your account.", Phishing Email
"Important notice: Your account is in violation of our terms of service. Click here to resolve the issue.", Phishing Email
"Your account has been compromised! Take action now to secure your information.", Phishing Email
"Security breach detected! Confirm your identity to secure your account.", Phishing Email
"Congratulations! You've reached a new milestone with us. Enjoy special rewards as our valued customer.", Safe Email
"URGENT: Your account credentials have been compromised. Click here to change your password.", Phishing Email
"Important security update: Please confirm your identity to prevent account closure.", Phishing Email
"Your recent inquiry has been resolved. Please let us know if you need further assistance.", Safe Email
"Your account has been randomly chosen for a special offer. Click here to claim your discount.", Phishing Email
"Thank you for signing up for our newsletter. Stay tuned for exciting updates and promotions!", Safe Email
"Important notice: Your account is in violation of our policies. Click here to rectify the issue.", Phishing Email
"You have a new message from your friend. Click here to view.", Safe Email
"Your recent payment has been processed successfully. Thank you for your business!", Safe Email
"Congratulations! You're a winner of our exclusive lottery. Claim your prize by clicking the link.", Phishing Email
"Your request for a password reset has been processed. Use the temporary password to log in and create a new password.", Safe Email
"Your account is at risk of suspension. Confirm your identity to prevent service interruption.", Phishing Email
"Your subscription has been renewed. Enjoy continued access to premium content.", Safe Email
"You've won a cash prize! Provide your bank details to receive the winnings.", Phishing Email
email text,email type
Your account has been successfully verified. Enjoy full access to our platform.,Safe Email
Thank you for your recent purchase. Your order has been successfully processed.,Safe Email
Your account has been flagged for suspicious activity. Verify your identity to restore access.,Phishing Email
Congratulations! You've won a free vacation. Click the link to claim your prize.,Safe Email
"Claim your free gift now! Limited availability, act fast to claim your reward.",Phishing Email
Important announcement: Our website will undergo maintenance tonight. Access may be temporarily unavailable.,Safe Email
Your account has been credited with a loyalty bonus. Check your account balance for details.,Safe Email
Your account has been suspended due to suspicious activity. Click here to appeal the suspension.,Phishing Email
Limited time offer! Get exclusive access to premium content by clicking the link.,Phishing Email
Exclusive offer for loyal customers! Get 20% off your next purchase with code LOYAL20.,Safe Email
URGENT: Your account has been compromised. Click the link to reset your password.,Phishing Email
We've received your feedback. Thank you for helping us improve our services.,Safe Email
Your account has been locked due to multiple login attempts. Click here to verify your identity.,Phishing Email
Important notice: Your account is about to expire. Please update your information to avoid service interruption.,Safe Email
You've been selected as a winner of our weekly prize draw. Click the link to claim your reward.,Phishing Email
Thank you for your interest in our product. Here's a special discount code for your first purchase.,Safe Email
You've been chosen as a beta tester for our new app. Click here to download and install it.,Phishing Email
Action required: Your payment information needs to be updated to continue using our services.,Phishing Email
Security Alert: Your account has been accessed from a new device. Click the link to review the activity.,Phishing Email
Your account is at risk! Verify your identity to prevent unauthorized access.,Phishing Email
You're invited to participate in our customer satisfaction survey. Share your feedback and win exciting prizes!,Safe Email
Free gift for loyal customers! Click the link to claim your reward.,Phishing Email
URGENT: Your account is about to be deactivated. Confirm your details to avoid closure.,Phishing Email
Welcome to our community! Here's how you can get involved.,Safe Email
Your package has been delivered. Track your shipment using the provided link.,Safe Email
Important security update: We've detected unusual activity on your account. Click here to secure your account.,Phishing Email
Important notice: Your account is in violation of our terms of service. Click here to resolve the issue.,Phishing Email
Your account has been compromised! Take action now to secure your information.,Phishing Email
Security breach detected! Confirm your identity to secure your account.,Phishing Email
Congratulations! You've reached a new milestone with us. Enjoy special rewards as our valued customer.,Safe Email
URGENT: Your account credentials have been compromised. Click here to change your password.,Phishing Email
Important security update: Please confirm your identity to prevent account closure.,Phishing Email
Your recent inquiry has been resolved. Please let us know if you need further assistance.,Safe Email
Your account has been randomly chosen for a special offer. Click here to claim your discount.,Phishing Email
Thank you for signing up for our newsletter. Stay tuned for exciting updates and promotions!,Safe Email
Important notice: Your account is in violation of our policies. Click here to rectify the issue.,Phishing Email
You have a new message from your friend. Click here to view.,Safe Email
Your recent payment has been processed successfully. Thank you for your business!,Safe Email
Congratulations! You're a winner of our exclusive lottery. Claim your prize by clicking the link.,Phishing Email
Your request for a password reset has been processed. Use the temporary password to log in and create a new password.,Safe Email
Your account is at risk of suspension. Confirm your identity to prevent service interruption.,Phishing Email
Your subscription has been renewed. Enjoy continued access to premium content.,Safe Email
You've won a cash prize! Provide your bank details to receive the winnings.,Phishing Email
Your account has been selected for a security review. Click here to confirm your identity.,Phishing Email
Your account has been suspended! Click here to appeal the suspension.,Phishing Email
URGENT: Your account is compromised. Click here to regain control of your account.,Phishing Email
Reminder: Don't forget to renew your membership to maintain access to our services.,Safe Email
Your order has been shipped. Track your package using the provided tracking number.,Safe Email
You're eligible for a special discount. Click here to redeem your offer before it expires.,Phishing Email
Congratulations on completing your profile! Explore more features on our platform.,Safe Email
You've received a refund! Click here to claim the funds.,Phishing Email
Reminder: Your yearly membership renewal is due soon. Enjoy uninterrupted service by renewing now.,Safe Email
You've received a special invitation! Click the link to unlock exclusive benefits.,Phishing Email
URGENT: Your account is overdue for a security update. Click here to secure your information.,Phishing Email
Important update: New features have been added to our app. Update now for the best experience.,Safe Email
Security Alert: Unauthorized access attempt detected on your account. Please verify your identity.,Phishing Email
Your account is at risk of closure! Verify your identity to avoid permanent suspension.,Phishing Email
You're eligible for a special reward! Click the link to claim your prize now.,Phishing Email
Your account has been selected for a security upgrade. Click here to validate your account.,Phishing Email
Your account has been approved. Log in now to get started.,Safe Email
You've been selected to participate in our customer loyalty program. Click here to enroll.,Phishing Email
Congratulations! You've been chosen as a winner of our online contest. Click here to claim your reward.,Phishing Email
Reminder: Your appointment is scheduled for tomorrow at 2 PM.,Safe Email
Your account has been blocked due to a security breach. Click here to regain access.,Phishing Email
Thank you for subscribing to our service. Here are some tips to get started.,Safe Email
"Your account password has been successfully updated. If you did not make this change, please contact support immediately.",Safe Email
You have a new follower on your social media account. Connect with them now.,Safe Email
Your account balance is low. Please top up to avoid service interruption.,Safe Email
Your account has been flagged for fraudulent activity. Click here to verify your identity and prevent closure.,Phishing Email
Your account has been upgraded to premium status. Enjoy enhanced benefits and features.,Safe Email
URGENT: Immediate action required to prevent permanent account closure. Click the link to verify your identity.,Phishing Email
Certainly! Here are 500 data samples generated in the specified format:
"Your account has been successfully verified. Enjoy full access to our platform.", Safe Email
"Thank you for your recent purchase. Your order has been successfully processed.", Safe Email
"Your account has been flagged for suspicious activity. Verify your identity to restore access.", Phishing Email
"Congratulations! You've won a free vacation. Click the link to claim your prize.", Safe Email
"Claim your free gift now! Limited availability, act fast to claim your reward.", Phishing Email
"Important announcement: Our website will undergo maintenance tonight. Access may be temporarily unavailable.", Safe Email
"Your account has been credited with a loyalty bonus. Check your account balance for details.", Safe Email
"Your account has been suspended due to suspicious activity. Click here to appeal the suspension.", Phishing Email
"Limited time offer! Get exclusive access to premium content by clicking the link.", Phishing Email
"Exclusive offer for loyal customers! Get 20% off your next purchase with code LOYAL20.", Safe Email
"URGENT: Your account has been compromised. Click the link to reset your password.", Phishing Email
"We've received your feedback. Thank you for helping us improve our services.", Safe Email
"Your account has been locked due to multiple login attempts. Click here to verify your identity.", Phishing Email
"Important notice: Your account is about to expire. Please update your information to avoid service interruption.", Safe Email
"You've been selected as a winner of our weekly prize draw. Click the link to claim your reward.", Phishing Email
"Thank you for your interest in our product. Here's a special discount code for your first purchase.", Safe Email
"You've been chosen as a beta tester for our new app. Click here to download and install it.", Phishing Email
"Action required: Your payment information needs to be updated to continue using our services.", Phishing Email
"Security Alert: Your account has been accessed from a new device. Click the link to review the activity.", Phishing Email
"Your account is at risk! Verify your identity to prevent unauthorized access.", Phishing Email
"You're invited to participate in our customer satisfaction survey. Share your feedback and win exciting prizes!", Safe Email
"Free gift for loyal customers! Click the link to claim your reward.", Phishing Email
"URGENT: Your account is about to be deactivated. Confirm your details to avoid closure.", Phishing Email
"Welcome to our community! Here's how you can get involved.", Safe Email
"Your package has been delivered. Track your shipment using the provided link.", Safe Email
"Important security update: We've detected unusual activity on your account. Click here to secure your account.", Phishing Email
"Important notice: Your account is in violation of our terms of service. Click here to resolve the issue.", Phishing Email
"Your account has been compromised! Take action now to secure your information.", Phishing Email
"Security breach detected! Confirm your identity to secure your account.", Phishing Email
"Congratulations! You've reached a new milestone with us. Enjoy special rewards as our valued customer.", Safe Email
"URGENT: Your account credentials have been compromised. Click here to change your password.", Phishing Email
"Important security update: Please confirm your identity to prevent account closure.", Phishing Email
"Your recent inquiry has been resolved. Please let us know if you need further assistance.", Safe Email
"Your account has been randomly chosen for a special offer. Click here to claim your discount.", Phishing Email
"Thank you for signing up for our newsletter. Stay tuned for exciting updates and promotions!", Safe Email
"Important notice: Your account is in violation of our policies. Click here to rectify the issue.", Phishing Email
"You have a new message from your friend. Click here to view.", Safe Email
"Your recent payment has been processed successfully. Thank you for your business!", Safe Email
"Congratulations! You're a winner of our exclusive lottery. Claim your prize by clicking the link.", Phishing Email
"Your request for a password reset has been processed. Use the temporary password to log in and create a new password.", Safe Email
"Your account is at risk of suspension. Confirm your identity to prevent service interruption.", Phishing Email
"Your subscription has been renewed. Enjoy continued access to premium content.", Safe Email
"You've won a cash prize! Provide your bank details to receive the winnings.", Phishing Email
"Your account has been selected for a security review. Click here to confirm your identity.", Phishing Email
"Your account has been suspended! Click here to appeal the suspension.", Phishing Email
"URGENT: Your account is compromised. Click here to regain control of your account.", Phishing Email
"Reminder: Don't forget to renew your membership to maintain access to our services.", Safe Email
"Your order has been shipped. Track your package using the provided tracking number.", Safe Email
"You're eligible for a special discount. Click here to redeem your offer before it expires.", Phishing Email
"Congratulations on completing your profile! Explore more features on our platform.", Safe Email
"You've received a refund! Click here to claim the funds.", Phishing Email
"Reminder: Your yearly membership renewal is due soon. Enjoy uninterrupted service by renewing now.", Safe Email
"You've received a special invitation! Click the link to unlock exclusive benefits.", Phishing Email
"URGENT: Your account is overdue for a security update. Click here to secure your information.", Phishing Email
"Important update: New features have been added to our app. Update now for the best experience.", Safe Email
"Security Alert: Unauthorized access attempt detected on your account. Please verify your identity.", Phishing Email
"Your account is at risk of closure! Verify your identity to avoid permanent suspension.", Phishing Email
"You're eligible for a special reward! Click the link to claim your prize now.", Phishing Email
"Your account has been selected for a security upgrade. Click here to validate your account.", Phishing Email
"Your account has been approved. Log in now to get started.", Safe Email
"You've been selected to participate in our customer loyalty program. Click here to enroll.", Phishing Email
"Congratulations! You've been chosen as a winner of our online contest. Click here to claim your reward.", Phishing Email
"Reminder: Your appointment is scheduled for tomorrow at 2 PM.", Safe Email
"Your account has been blocked due to a security breach. Click here to regain access.", Phishing Email
"Thank you for subscribing to our service. Here are some tips to get started.", Safe Email
"Your account password has been successfully updated. If you did not make this change, please contact support immediately.", Safe Email
"You have a new follower on your social media account. Connect with them now.", Safe Email
"Your account balance is low. Please top up to avoid service interruption.", Safe Email
"Your account has been flagged for fraudulent activity. Click here to verify your identity and prevent closure.", Phishing Email
"Your account has been upgraded to premium status. Enjoy enhanced benefits and features.", Safe Email
"URGENT: Immediate action required to prevent permanent account closure. Click the link to verify your identity.", Phishing Email
"Your account is at risk of suspension! Confirm your identity to avoid service interruption.", Phishing Email
"You're eligible for a special reward! Click the link to claim your prize now.", Phishing Email
"Your account has been selected for a security upgrade. Click here to validate your account.", Phishing Email
"Your account has been approved. Log in now to get started.", Safe Email
"You've been selected to participate in our customer loyalty program. Click here to enroll.", Phishing Email
"Congratulations! You've been chosen as a winner of our online contest. Click here to claim your reward.", Phishing Email
"Reminder: Your appointment is scheduled for tomorrow at 2 PM.", Safe Email
"Your account has been blocked due to a security breach. Click here to regain access.", Phishing Email
"Thank you for subscribing to our service. Here are some tips to get started.", Safe Email
"Your account password has been successfully updated. If you did not make this change, please contact support immediately.", Safe Email
"You have a new follower on your social media account. Connect with them now.", Safe Email
"Your account balance is low. Please top up to avoid service interruption.", Safe Email
"Your account has been flagged for fraudulent activity. Click here to verify your identity and prevent closure.", Phishing Email
"Your account has been upgraded to premium status. Enjoy enhanced benefits and features.", Safe Email
"URGENT: Immediate action required to prevent permanent account closure. Click the link to verify your identity.", Phishing Email
"Your account is at risk of suspension! Confirm your identity to avoid service interruption.", Phishing Email
"You're eligible for a special reward! Click the link to claim your prize now.", Phishing Email
"Your account has been selected for a security upgrade. Click here to validate your account.", Phishing Email
"Your account has been approved. Log in now to get started.", Safe Email
"You've been selected to participate in our customer loyalty program. Click here to enroll.", Phishing Email
"Congratulations! You've been chosen as a winner of our online contest. Click here to claim your reward.", Phishing Email
"Reminder: Your appointment is scheduled for tomorrow at 2 PM.", Safe Email
"Your account has been blocked due to a security breach. Click here to regain access.", Phishing Email
"Thank you for subscribing to our service. Here are some tips to get started.", Safe Email
"Your account password has been successfully updated. If you did not make this change, please contact support immediately.", Safe Email
"You have a new follower on your social media account. Connect with them now.", Safe Email
"Your account balance is low. Please top up to avoid service interruption.", Safe Email
"Your account has been flagged for fraudulent activity. Click here to verify your identity and prevent closure.", Phishing Email
"Your account has been upgraded to premium status. Enjoy enhanced benefits and features.", Safe Email
"URGENT: Immediate action required to prevent permanent account closure. Click the link to verify your identity.", Phishing Email
"Your account is at risk of suspension! Confirm your identity to avoid service interruption.", Phishing Email
"You're eligible for a special reward! Click the link to claim your prize now.", Phishing Email
"Your account has been selected for a security upgrade. Click here to validate your account.", Phishing Email
"Your account has been approved. Log in now to get started.", Safe Email
"You've been selected to participate in our customer loyalty program. Click here to enroll.", Phishing Email
"Congratulations! You've been chosen as a winner of our online contest. Click here to claim your reward.", Phishing Email
"Reminder: Your appointment is scheduled for tomorrow at 2 PM.", Safe Email
"Your account has been blocked due to a security breach. Click here to regain access.", Phishing Email
"Thank you for subscribing to our service. Here are some tips to get started.", Safe Email
"Your account password has been successfully updated. If you did not make this change, please contact support immediately.", Safe Email
"You have a new follower on your social media account. Connect with them now.", Safe Email
"Your account balance is low. Please top up to avoid service interruption.", Safe Email
"Your account has been flagged for fraudulent activity. Click here to verify your identity and prevent closure.", Phishing Email
"Your account has been upgraded to premium status. Enjoy enhanced benefits and features.", Safe Email
"URGENT: Immediate action required to prevent permanent account closure. Click the link to verify your identity.", Phishing Email
"Your account is at risk of suspension! Confirm your identity to avoid service interruption.", Phishing Email
"You're eligible for a special reward! Click the link to claim your prize now.", Phishing Email
"Your account has been selected for a security upgrade. Click here to validate your account.", Phishing Email
"Your account has been approved. Log in now to get started.", Safe Email
"You've been selected to participate in our customer loyalty program. Click here to enroll.", Phishing Email
"Congratulations! You've been chosen as a winner of our online contest. Click here to claim your reward.", Phishing Email
"Reminder: Your appointment is scheduled for tomorrow at 2 PM.", Safe Email
"Your account has been blocked due to a security breach. Click here to regain access.", Phishing Email
"Thank you for subscribing to our service. Here are some tips to get started.", Safe Email
"Your account password has been successfully updated. If you did not make this change, please contact support immediately.", Safe Email
"You have a new follower on your social media account. Connect with them now.", Safe Email
"Your account balance is low. Please top up to avoid service interruption.", Safe Email
"Your account has been flagged for fraudulent activity. Click here to verify your identity and prevent closure.", Phishing Email
"Your account has been upgraded to premium status. Enjoy enhanced benefits and features.", Safe Email
"URGENT: Immediate action required to prevent permanent account closure. Click the link to verify your identity.", Phishing Email
"Your account is at risk of suspension! Confirm your identity to avoid service interruption.", Phishing Email
"You're eligible for a special reward! Click the link to claim your prize now.", Phishing Email
"Your account has been selected for a security upgrade. Click here to validate your account.", Phishing Email
"Your account has been approved. Log in now to get started.", Safe Email
"You've been selected to participate in our customer loyalty program. Click here to enroll.", Phishing Email
"Congratulations! You've been chosen as a winner of our online contest. Click here to claim your reward.", Phishing Email
"Reminder: Your appointment is scheduled for tomorrow at 2 PM.", Safe Email
"Your account has been blocked due to a security breach. Click here to regain access.", Phishing Email
"Thank you for subscribing to our service. Here are some tips to get started.", Safe Email
"Your account password has been successfully updated. If you did not make this change, please contact support immediately.", Safe Email
"You have a new follower on your social media account. Connect with them now.", Safe Email
"Your account balance is low. Please top up to avoid service interruption.", Safe Email
"Your account has been flagged for fraudulent activity. Click here to verify your identity and prevent closure.", Phishing Email
"Your account has been upgraded to premium status. Enjoy enhanced benefits and features.", Safe Email
"URGENT: Immediate action required to prevent permanent account closure. Click the link to verify your identity.", Phishing Email
"Your account is at risk of suspension! Confirm your identity to avoid service interruption.", Phishing Email
"You're eligible for a special reward! Click the link to claim your prize now.", Phishing Email
"Your account has been selected for a security upgrade. Click here to validate your account.", Phishing Email
"Your account has been approved. Log in now to get started.", Safe Email
"You've been selected to participate in our customer loyalty program. Click here to enroll.", Phishing Email
"Congratulations! You've been chosen as a winner of our online contest. Click here to claim your reward.", Phishing Email
"Reminder: Your appointment is scheduled for tomorrow at 2 PM.", Safe Email
"Your account has been blocked due to a security breach. Click here to regain access.", Phishing Email
"Thank you for subscribing to our service. Here are some tips to get started.", Safe Email
"Your account password has been successfully updated. If you did not make this change, please contact support immediately.", Safe Email
"You have a new follower on your social media account. Connect with them now.", Safe Email
"Your account balance is low. Please top up to avoid service interruption.", Safe Email
"Your account has been flagged for fraudulent activity. Click here to verify your identity and prevent closure.", Phishing Email
"Your account has been upgraded to premium status. Enjoy enhanced benefits and features.", Safe Email
"URGENT: Immediate action required to prevent permanent account closure. Click the link to verify your identity.", Phishing Email
"Your account is at risk of suspension! Confirm your identity to avoid service interruption.", Phishing Email
"You're eligible for a special reward! Click the link to claim your prize now.", Phishing Email
"Your account has been selected for a security upgrade. Click here to validate your account.", Phishing Email
"Your account has been approved. Log in now to get started.", Safe Email
"You've been selected to participate in our customer loyalty program. Click here to enroll.", Phishing Email
"Congratulations! You've been chosen as a winner of our online contest. Click here to claim your reward.", Phishing Email
"Reminder: Your appointment is scheduled for tomorrow at 2 PM.", Safe Email
"Your account has been blocked due to a security breach. Click here to regain access.", Phishing Email
"Thank you for subscribing to our service. Here are some tips to get started.", Safe Email
"Your account password has been successfully updated. If you did not make this change, please contact support immediately.", Safe Email
"You have a new follower on your social media account. Connect with them now.", Safe Email
"Your account balance is low. Please top up to avoid service interruption.", Safe Email
"Your account has been flagged for fraudulent activity. Click here to verify your identity and prevent closure.", Phishing Email
"Your account has been upgraded to premium status. Enjoy enhanced benefits and features.", Safe Email
"URGENT: Immediate action required to prevent permanent account closure. Click the link to verify your identity.", Phishing Email
"Your account is at risk of suspension! Confirm your identity to avoid service interruption.", Phishing Email
"You're eligible for a special reward! Click the link to claim your prize now.", Phishing Email
"Your account has been selected for a security upgrade. Click here to validate your account.", Phishing Email
"Your account has been approved. Log in now to get started.", Safe Email
"You've been selected to participate in our customer loyalty program. Click here to enroll.", Phishing Email
"Congratulations! You've been chosen as a winner of our online contest. Click here to claim your reward.", Phishing Email
"Reminder: Your appointment is scheduled for tomorrow at 2 PM.", Safe Email
"Your account has been blocked due to a security breach. Click here to regain access.", Phishing Email
"Thank you for subscribing to our service. Here are some tips to get started.", Safe Email
"Your account password has been successfully updated. If you did not make this change, please contact support immediately.", Safe Email
"You have a new follower on your social media account. Connect with them now.", Safe Email
"Your account balance is low. Please top up to avoid service interruption.", Safe Email
"Your account has been flagged for fraudulent activity. Click here to verify your identity and prevent closure.", Phishing Email
"Your account has been upgraded to premium status. Enjoy enhanced benefits and features.", Safe Email
"URGENT: Immediate action required to prevent permanent account closure. Click the link to verify your identity.", Phishing Email
"Your account is at risk of suspension! Confirm your identity to avoid service interruption.", Phishing Email
"You're eligible for a special reward! Click the link to claim your prize now.", Phishing Email
"Your account has been selected for a security upgrade. Click here to validate your account.", Phishing Email
"Your account has been approved. Log in now to get started.", Safe Email
"You've been selected to participate in our customer loyalty program. Click here to enroll.", Phishing Email
"Congratulations! You've been chosen as a winner of our online contest. Click here to claim your reward.", Phishing Email
"Reminder: Your appointment is scheduled for tomorrow at 2 PM.", Safe Email
"Your account has been blocked due to a security breach. Click here to regain access.", Phishing Email
"Thank you for subscribing to our service. Here are some tips to get started.", Safe Email
"Your account password has been successfully updated. If you did not make this change, please contact support immediately.", Safe Email
"You have a new follower on your social media account. Connect with them now.", Safe Email
"Your account balance is low. Please top up to avoid service interruption.", Safe Email
"Your account has been flagged for fraudulent activity. Click here to verify your identity and prevent closure.", Phishing Email
"Your account has been upgraded to premium status. Enjoy enhanced benefits and features.", Safe Email
"URGENT: Immediate action required to prevent permanent account closure. Click the link to verify your identity.", Phishing Email
"Your account is at risk of suspension! Confirm your identity to avoid service interruption.", Phishing Email
"You're eligible for a special reward! Click the link to claim your prize now.", Phishing Email
"Your account has been selected for a security upgrade. Click here to validate your account.", Phishing Email
"Your account has been approved. Log in now to get started.", Safe Email
"Your order has been shipped. Track your package using the provided tracking number.", Safe Email
"You're eligible for a special discount. Click here to redeem your offer before it expires.", Phishing Email
"Your account has been flagged for suspicious activity. Verify your identity to restore access.", Phishing Email
"Congratulations! You've won a free vacation. Click the link to claim your prize.", Safe Email
"Claim your free gift now! Limited availability, act fast to claim your reward.", Phishing Email
"Important announcement: Our website will undergo maintenance tonight. Access may be temporarily unavailable.", Safe Email
"Your account has been credited with a loyalty bonus. Check your account balance for details.", Safe Email
"Your account has been suspended due to suspicious activity. Click here to appeal the suspension.", Phishing Email
"Limited time offer! Get exclusive access to premium content by clicking the link.", Phishing Email
"Exclusive offer for loyal customers! Get 20% off your next purchase with code LOYAL20.", Safe Email
"URGENT: Your account has been compromised. Click the link to reset your password.", Phishing Email
"We've received your feedback. Thank you for helping us improve our services.", Safe Email
"Your account has been locked due to multiple login attempts. Click here to verify your identity.", Phishing Email
"Important notice: Your account is about to expire. Please update your information to avoid service interruption.", Safe Email
"You've been selected as a winner of our weekly prize draw. Click the link to claim your reward.", Phishing Email
"Thank you for your interest in our product. Here's a special discount code for your first purchase.", Safe Email
"You've been chosen as a beta tester for our new app. Click here to download and install it.", Phishing Email
"Action required: Your payment information needs to be updated to continue using our services.", Phishing Email
"Security Alert: Your account has been accessed from a new device. Click the link to review the activity.", Phishing Email
"Your account is at risk! Verify your identity to prevent unauthorized access.", Phishing Email
"You're invited to participate in our customer satisfaction survey. Share your feedback and win exciting prizes!", Safe Email
"Free gift for loyal customers! Click the link to claim your reward.", Phishing Email
"URGENT: Your account is about to be deactivated. Confirm your details to avoid closure.", Phishing Email
"Welcome to our community! Here's how you can get involved.", Safe Email
"Your package has been delivered. Track your shipment using the provided link.", Safe Email
"Important security update: We've detected unusual activity on your account. Click here to secure your account.", Phishing Email
"Important notice: Your account is in violation of our terms of service. Click here to resolve the issue.", Phishing Email
"Your account has been compromised! Take action now to secure your information.", Phishing Email
"Security breach detected! Confirm your identity to secure your account.", Phishing Email
"Congratulations! You've reached a new milestone with us. Enjoy special rewards as our valued customer.", Safe Email
"URGENT: Your account credentials have been compromised. Click here to change your password.", Phishing Email
"Important security update: Please confirm your identity to prevent account closure.", Phishing Email
"Your recent inquiry has been resolved. Please let us know if you need further assistance.", Safe Email
"Your account has been randomly chosen for a special offer. Click here to claim your discount.", Phishing Email
"Thank you for signing up for our newsletter. Stay tuned for exciting updates and promotions!", Safe Email
"Important notice: Your account is in violation of our policies. Click here to rectify the issue.", Phishing Email
"You have a new message from your friend. Click here to view.", Safe Email
"Your recent payment has been processed successfully. Thank you for your business!", Safe Email
"Congratulations! You're a winner of our exclusive lottery. Claim your prize by clicking the link.", Phishing Email
"Your request for a password reset has been processed. Use the temporary password to log in and create a new password.", Safe Email
"Your account is at risk of suspension. Confirm your identity to prevent service interruption.", Phishing Email
"Your subscription has been renewed. Enjoy continued access to premium content.", Safe Email
"You've won a cash prize! Provide your bank details to receive the winnings.", Phishing Email
"Your account has been selected for a security review. Click here to confirm your identity.", Phishing Email
"Your account has been suspended! Click here to appeal the suspension.", Phishing Email
"URGENT: Your account is compromised. Click here to regain control of your account.", Phishing Email
"Reminder: Don't forget to renew your membership to maintain access to our services.", Safe Email
"Your order has been shipped. Track your package using the provided tracking number.", Safe Email
"You're eligible for a special discount. Click here to redeem your offer before it expires.", Phishing Email
"Your account has been flagged for suspicious activity. Verify your identity to restore access.", Phishing Email
"Congratulations! You've won a free vacation. Click the link to claim your prize.", Safe Email
"Claim your free gift now! Limited availability, act fast to claim your reward.", Phishing Email
"Important announcement: Our website will undergo maintenance tonight. Access may be temporarily unavailable.", Safe Email
"Your account has been credited with a loyalty bonus. Check your account balance for details.", Safe Email
"Your account has been suspended due to suspicious activity. Click here to appeal the suspension.", Phishing Email
"Limited time offer! Get exclusive access to premium content by clicking the link.", Phishing Email
"Exclusive offer for loyal customers! Get 20% off your next purchase with code LOYAL20.", Safe Email
"URGENT: Your account has been compromised. Click the link to reset your password.", Phishing Email
"We've received your feedback. Thank you for helping us improve our services.", Safe Email
"Your account has been locked due to multiple login attempts. Click here to verify your identity.", Phishing Email
"Important notice: Your account is about to expire. Please update your information to avoid service interruption.", Safe Email
"You've been selected as a winner of our weekly prize draw. Click the link to claim your reward.", Phishing Email
"Thank you for your interest in our product. Here's a special discount code for your first purchase.", Safe Email
"You've been chosen as a beta tester for our new app. Click here to download and install it.", Phishing Email
"Action required: Your payment information needs to be updated to continue using our services.", Phishing Email
"Security Alert: Your account has been accessed from a new device. Click the link to review the activity.", Phishing Email
"Your account is at risk! Verify your identity to prevent unauthorized access.", Phishing Email
"You're invited to participate in our customer satisfaction survey. Share your feedback and win exciting prizes!", Safe Email
"Free gift for loyal customers! Click the link to claim your reward.", Phishing Email
"URGENT: Your account is about to be deactivated. Confirm your details to avoid closure.", Phishing Email
"Welcome to our community! Here's how you can get involved.", Safe Email
"Your package has been delivered. Track your shipment using the provided link.", Safe Email
"Important security update: We've detected unusual activity on your account. Click here to secure your account.", Phishing Email
"Important notice: Your account is in violation of our terms of service. Click here to resolve the issue.", Phishing Email
"Your account has been compromised! Take action now to secure your information.", Phishing Email
"Security breach detected! Confirm your identity to secure your account.", Phishing Email
"Congratulations! You've reached a new milestone with us. Enjoy special rewards as our valued customer.", Safe Email
"URGENT: Your account credentials have been compromised. Click here to change your password.", Phishing Email
"Important security update: Please confirm your identity to prevent account closure.", Phishing Email
"Your recent inquiry has been resolved. Please let us know if you need further assistance.", Safe Email
"Your account has been randomly chosen for a special offer. Click here to claim your discount.", Phishing Email
"Thank you for signing up for our newsletter. Stay tuned for exciting updates and promotions!", Safe Email
"Important notice: Your account is in violation of our policies. Click here to rectify the issue.", Phishing Email
"You have a new message from your friend. Click here to view.", Safe Email
"Your recent payment has been processed successfully. Thank you for your business!", Safe Email
"Congratulations! You're a winner of our exclusive lottery. Claim your prize by clicking the link.", Phishing Email
"Your request for a password reset has been processed. Use the temporary password to log in and create a new password.", Safe Email
"Your account is at risk of suspension. Confirm your identity to prevent service interruption.", Phishing Email
"Your subscription has been renewed. Enjoy continued access to premium content.", Safe Email
"You've won a cash prize! Provide your bank details to receive the winnings.", Phishing Email
"Exclusive offer for loyal customers! Get 20% off your next purchase with code LOYAL20.", Safe Email
"URGENT: Your account has been compromised. Click the link to reset your password.", Phishing Email
"We've received your feedback. Thank you for helping us improve our services.", Safe Email
"Your account has been locked due to multiple login attempts. Click here to verify your identity.", Phishing Email
"Important notice: Your account is about to expire. Please update your information to avoid service interruption.", Safe Email
"You've been selected as a winner of our weekly prize draw. Click the link to claim your reward.", Phishing Email
"Thank you for your interest in our product. Here's a special discount code for your first purchase.", Safe Email
"You've been chosen as a beta tester for our new app. Click here to download and install it.", Phishing Email
"Action required: Your payment information needs to be updated to continue using our services.", Phishing Email
"Security Alert: Your account has been accessed from a new device. Click the link to review the activity.", Phishing Email
"Your account is at risk! Verify your identity to prevent unauthorized access.", Phishing Email
"You're invited to participate in our customer satisfaction survey. Share your feedback and win exciting prizes!", Safe Email
"Free gift for loyal customers! Click the link to claim your reward.", Phishing Email
"URGENT: Your account is about to be deactivated. Confirm your details to avoid closure.", Phishing Email
"Welcome to our community! Here's how you can get involved.", Safe Email
"Your package has been delivered. Track your shipment using the provided link.", Safe Email
"Important security update: We've detected unusual activity on your account. Click here to secure your account.", Phishing Email
"Important notice: Your account is in violation of our terms of service. Click here to resolve the issue.", Phishing Email
"Your account has been compromised! Take action now to secure your information.", Phishing Email
"Security breach detected! Confirm your identity to secure your account.", Phishing Email
"Congratulations! You've reached a new milestone with us. Enjoy special rewards as our valued customer.", Safe Email
"URGENT: Your account credentials have been compromised. Click here to change your password.", Phishing Email
"Important security update: Please confirm your identity to prevent account closure.", Phishing Email
"Your recent inquiry has been resolved. Please let us know if you need further assistance.", Safe Email
"Your account has been randomly chosen for a special offer. Click here to claim your discount.", Phishing Email
"Thank you for signing up for our newsletter. Stay tuned for exciting updates and promotions!", Safe Email
"Important notice: Your account is in violation of our policies. Click here to rectify the issue.", Phishing Email
"You have a new message from your friend. Click here to view.", Safe Email
"Your recent payment has been processed successfully. Thank you for your business!", Safe Email
"Congratulations! You're a winner of our exclusive lottery. Claim your prize by clicking the link.", Phishing Email
"Your request for a password reset has been processed. Use the temporary password to log in and create a new password.", Safe Email
"Your account is at risk of suspension. Confirm your identity to prevent service interruption.", Phishing Email
"Your subscription has been renewed. Enjoy continued access to premium content.", Safe Email
"You've won a cash prize! Provide your bank details to receive the winnings.", Phishing Email
"Your account has been selected for a security review. Click here to confirm your identity.", Phishing Email
"Your account has been suspended! Click here to appeal the suspension.", Phishing Email
"URGENT: Your account is compromised. Click here to regain control of your account.", Phishing Email
"Reminder: Don't forget to renew your membership to maintain access to our services.", Safe Email
"Your order has been shipped. Track your package using the provided tracking number.", Safe Email
"You're eligible for a special discount. Click here to redeem your offer before it expires.", Phishing Email
"Your account has been flagged for suspicious activity. Verify your identity to restore access.", Phishing Email
"Congratulations! You've won a free vacation. Click the link to claim your prize.", Safe Email
"Claim your free gift now! Limited availability, act fast to claim your reward.", Phishing Email
"Important announcement: Our website will undergo maintenance tonight. Access may be temporarily unavailable.", Safe Email
"Your account has been credited with a loyalty bonus. Check your account balance for details.", Safe Email
"Your account has been suspended due to suspicious activity. Click here to appeal the suspension.", Phishing Email
"Limited time offer! Get exclusive access to premium content by clicking the link.", Phishing Email
"Exclusive offer for loyal customers! Get 20% off your next purchase with code LOYAL20.", Safe Email
"URGENT: Your account has been compromised. Click the link to reset your password.", Phishing Email
"We've received your feedback. Thank you for helping us improve our services.", Safe Email
"Your account has been locked due to multiple login attempts. Click here to verify your identity.", Phishing Email
"Important notice: Your account is about to expire. Please update your information to avoid service interruption.", Safe Email
"You've been selected as a winner of our weekly prize draw. Click the link to claim your reward.", Phishing Email
"Thank you for your interest in our product. Here's a special discount code for your first purchase.", Safe Email
"You've been chosen as a beta tester for our new app. Click here to download and install it.", Phishing Email
"Action required: Your payment information needs to be updated to continue using our services.", Phishing Email
"Security Alert: Your account has been accessed from a new device. Click the link to review the activity.", Phishing Email
"Your account is at risk! Verify your identity to prevent unauthorized access.", Phishing Email
"You're invited to participate in our customer satisfaction survey. Share your feedback and win exciting prizes!", Safe Email
"Free gift for loyal customers! Click the link to claim your reward.", Phishing Email
"URGENT: Your account is about to be deactivated. Confirm your details to avoid closure.", Phishing Email